{"car_id": 1, "speed": 6.611602376471142, "rpm": 1833, "throttle": 65.84212278289482, "engine_temp": 101.70617767055899}